candidate_id,subject_id,meal_time,meal_type,prototype_class,msi_core_tertile_within_dataset,msi_core_partial_nhanes_ref,calories,carbs,protein,fat,fiber,carb_fiber_ratio,iauc_2h,peak_delta_2h,meal_risk_score,image_path,recommended_redesign,primary_mechanistic_contrast,macro_signature,repeated_macro_signature,zero_fiber_flag,absolute_image_path,image_exists,manual_photo_qc_priority
CGM_BD_01,30,2021-01-26 07:55:00,breakfast,high_carb_high_fat_processed_proxy,high,1.466178931383965,712.0,66.0,22.0,42.0,0.0,67.0,20439.0,243.2,16.692654826147415,photos/00000016-PHOTO-2021-1-26-7-55-0.jpg,Reduce refined carbohydrate to 45 g available carbs and replace energy with lean protein/non-starchy vegetables,High-fat high-carb mixed matrix vs lower-carb protein/fiber substitution,712.0|66.0|22.0|42.0|0.0,3,1,C:\Users\liu12\OneDrive\Desktop\ShiYiSiNan_CGMacros\data\raw\CGMacros\CGMacros-030\photos\00000016-PHOTO-2021-1-26-7-55-0.jpg,True,urgent
CGM_BD_02,39,2025-02-10 08:54:00,breakfast,high_carb_high_fat_processed_proxy,high,1.156014548415135,712.0,66.0,22.0,42.0,0.0,67.0,20407.9,229.0,15.832834805203651,photos/00000043-PHOTO-2025-2-10-8-54-0.jpg,Reduce refined carbohydrate to 45 g available carbs and replace energy with lean protein/non-starchy vegetables,High-fat high-carb mixed matrix vs lower-carb protein/fiber substitution,712.0|66.0|22.0|42.0|0.0,3,1,C:\Users\liu12\OneDrive\Desktop\ShiYiSiNan_CGMacros\data\raw\CGMacros\CGMacros-039\photos\00000043-PHOTO-2025-2-10-8-54-0.jpg,True,urgent
CGM_BD_03,45,2025-04-02 09:40:00,breakfast,high_carb_high_fat_processed_proxy,high,1.1676480266225815,712.0,66.0,22.0,42.0,0.0,67.0,16068.8,249.2,14.481643373563983,photos/00000074-PHOTO-2025-4-2-9-40-0.jpg,Reduce refined carbohydrate to 45 g available carbs and replace energy with lean protein/non-starchy vegetables,High-fat high-carb mixed matrix vs lower-carb protein/fiber substitution,712.0|66.0|22.0|42.0|0.0,3,1,C:\Users\liu12\OneDrive\Desktop\ShiYiSiNan_CGMacros\data\raw\CGMacros\CGMacros-045\photos\00000074-PHOTO-2025-4-2-9-40-0.jpg,True,urgent
CGM_BD_04,39,2025-02-08 08:57:00,breakfast,high_msi_high_ppgr_real_meal,high,1.156014548415135,448.0,66.0,22.0,10.5,0.0,67.0,17650.800000000003,213.8,13.450268636157586,photos/00000014-PHOTO-2025-2-8-8-57-0.jpg,Model-guided redesign: cap available carbs at 45 g and add 5 g fiber,Observed high PPGR meal vs model-recommended low-risk redesign,448.0|66.0|22.0|10.5|0.0,5,1,C:\Users\liu12\OneDrive\Desktop\ShiYiSiNan_CGMacros\data\raw\CGMacros\CGMacros-039\photos\00000014-PHOTO-2025-2-8-8-57-0.jpg,True,urgent
CGM_BD_05,49,2025-05-12 07:05:00,breakfast,high_msi_high_ppgr_real_meal,high,1.0954835639349656,448.0,66.0,22.0,10.5,0.0,67.0,16683.399999999994,211.6,12.87143317690322,photos/00000011-PHOTO-2025-5-12-7-5-0.jpg,Model-guided redesign: cap available carbs at 45 g and add 5 g fiber,Observed high PPGR meal vs model-recommended low-risk redesign,448.0|66.0|22.0|10.5|0.0,5,1,C:\Users\liu12\OneDrive\Desktop\ShiYiSiNan_CGMacros\data\raw\CGMacros\CGMacros-049\photos\00000011-PHOTO-2025-5-12-7-5-0.jpg,True,urgent
CGM_BD_06,35,2024-12-18 07:10:00,breakfast,high_msi_high_ppgr_real_meal,high,1.4173765590604517,448.0,66.0,22.0,10.5,0.0,67.0,15868.6,195.0,12.521517610436636,photos/00000070-PHOTO-2024-12-18-7-10-0.jpg,Model-guided redesign: cap available carbs at 45 g and add 5 g fiber,Observed high PPGR meal vs model-recommended low-risk redesign,448.0|66.0|22.0|10.5|0.0,5,1,C:\Users\liu12\OneDrive\Desktop\ShiYiSiNan_CGMacros\data\raw\CGMacros\CGMacros-035\photos\00000070-PHOTO-2024-12-18-7-10-0.jpg,True,urgent
CGM_BD_07,33,2022-04-22 09:56:00,breakfast,model_high_risk_other,low,0.0151810920749849,448.0,66.0,22.0,10.5,0.0,67.0,17342.7,205.8,11.424221731049764,photos/00000048-PHOTO-2022-4-22-9-56-0.jpg,Model-guided redesign: cap available carbs at 45 g and add 5 g fiber,Observed high PPGR meal vs model-recommended low-risk redesign,448.0|66.0|22.0|10.5|0.0,5,1,C:\Users\liu12\OneDrive\Desktop\ShiYiSiNan_CGMacros\data\raw\CGMacros\CGMacros-033\photos\00000048-PHOTO-2022-4-22-9-56-0.jpg,True,urgent
CGM_BD_08,46,2025-05-05 19:30:00,dinner,model_high_risk_other,middle,0.5780156180451899,456.0,44.0,34.0,16.0,0.0,45.0,16768.2,211.6,11.394457951763052,photos/00000041-PHOTO-2025-5-5-19-30-0.jpg,Model-guided redesign: cap available carbs at 45 g and add 5 g fiber,Observed high PPGR meal vs model-recommended low-risk redesign,456.0|44.0|34.0|16.0|0.0,1,1,C:\Users\liu12\OneDrive\Desktop\ShiYiSiNan_CGMacros\data\raw\CGMacros\CGMacros-046\photos\00000041-PHOTO-2025-5-5-19-30-0.jpg,True,urgent
CGM_BD_09,36,2022-04-04 08:18:00,breakfast,model_high_risk_other,low,-0.1148600813409519,448.0,66.0,22.0,10.5,0.0,67.0,16131.5,217.2,11.011406453626297,photos/00000044-PHOTO-2022-4-4-8-18-0.jpg,Model-guided redesign: cap available carbs at 45 g and add 5 g fiber,Observed high PPGR meal vs model-recommended low-risk redesign,448.0|66.0|22.0|10.5|0.0,5,1,C:\Users\liu12\OneDrive\Desktop\ShiYiSiNan_CGMacros\data\raw\CGMacros\CGMacros-036\photos\00000044-PHOTO-2022-4-4-8-18-0.jpg,True,urgent
CGM_BD_10,45,2025-04-01 09:05:00,breakfast,high_carb_high_protein_mixed,high,1.1676480266225815,608.0,66.0,66.0,10.5,0.0,67.0,12620.4,179.4,10.28300158563414,photos/00000058-PHOTO-2025-4-1-9-5-0.jpg,Keep protein constant; compare intact-grain/low-gelatinization starch vs original starch structure,Same carbohydrate load with altered starch physical structure,608.0|66.0|66.0|10.5|0.0,2,1,C:\Users\liu12\OneDrive\Desktop\ShiYiSiNan_CGMacros\data\raw\CGMacros\CGMacros-045\photos\00000058-PHOTO-2025-4-1-9-5-0.jpg,True,urgent
CGM_BD_11,30,2021-01-25 07:57:00,breakfast,high_carb_high_protein_mixed,high,1.466178931383965,608.0,66.0,66.0,10.5,0.0,67.0,13250.9,149.0,10.159196997904704,photos/00000010-PHOTO-2021-1-25-7-57-0.jpg,Keep protein constant; compare intact-grain/low-gelatinization starch vs original starch structure,Same carbohydrate load with altered starch physical structure,608.0|66.0|66.0|10.5|0.0,2,1,C:\Users\liu12\OneDrive\Desktop\ShiYiSiNan_CGMacros\data\raw\CGMacros\CGMacros-030\photos\00000010-PHOTO-2021-1-25-7-57-0.jpg,True,urgent
CGM_BD_12,8,2023-01-31 20:40:00,dinner,refined_high_carb_low_fiber,middle,0.5219361237980233,1680.0,168.0,50.0,110.0,0.0,169.0,5792.099999999999,79.8,9.998239641544592,photos/00000013-PHOTO-2023-1-31-20-40-0.jpg,Add 5 g soluble fiber and/or replace 25-30% refined starch with resistant-starch/whole-grain equivalent,Refined starch rapid-release vs fiber/resistant-starch slowed release,1680.0|168.0|50.0|110.0|0.0,1,1,C:\Users\liu12\OneDrive\Desktop\ShiYiSiNan_CGMacros\data\raw\CGMacros\CGMacros-008\photos\00000013-PHOTO-2023-1-31-20-40-0.jpg,True,urgent
